{
    "success": true,
    "payload": {
        "value": {
            "type": "Post",
            "id": "63a85f7b2127",
            "versionId": "aff719ad13d6",
            "creatorId": "42dd88b5d6e4",
            "homeCollectionId": "f123f1556889",
            "title": "Breakfast: A Manifesto",
            "detectedLanguage": "en",
            "latestVersion": "aff719ad13d6",
            "latestPublishedVersion": "aff719ad13d6",
            "isPublished": true,
            "isLatestVersion": true,
            "createdAt": 1376851149307,
            "updatedAt": 1377173542033,
            "acceptedAt": 0,
            "firstPublishedAt": 1377128107896,
            "latestPublishedAt": 1377173542033,
            "isRead": false,
            "vote": false,
            "experimentalCss": "",
            "displayAuthor": "",
            "content": {
                "body": "<section><p name=\"cc24\"><em>Author’s note: A section of this essay has been interpreted by some as inciting violence against cupcake shops. Following consultation with my attorney, I would like to clarify that it is purely rhetorical and, furthermore, go on record as saying I do not and have never advocated political violence against the proprietors of baked goods stores.</em></p><hr name=\"ddfb\"><p name=\"5788\">I believe in mornings. I believe in making the most of them. I believe that there is no better way to start your day than to wake early in the morning as the sun still rises, splash cold water on your face, and stand on the scale; then step out into the brisk morning air, jog around the neighborhood, working up a sweat in the solitude of your thoughts; return home, stooping to collect the newspaper from your front lawn, to shower, shampoo, exfoliate, deoderize, and change into clean, pressed, smart clothing; and then head to the kitchen or a nearby restaurant to consume, in the space of a few minutes, hundreds of calories delivered by a vehicle of largely fried grease.</p><p name=\"339a\">In this world there are a surprising number of people who believe that sliced fruit, or yogurt, or granola — or perhaps, if they are feeling especially bold, some combination of all three — constitutes breakfast. These people are categorically wrong. They may consume these foods at the time of day associated with breakfast, but at best they eat <em>at </em>breakfast or <em>a</em> breakfast; they do not eat Breakfast. We must regard them with scorn, or pity; they worship false idols, they covet their neighbors’ kale.</p><p name=\"c0d7\">What is breakfast? Breakfast is the meal which exists in slight variants throughout the English-speaking world and includes eggs and meat and something made of potatoes or bread and a hot beverage. Breakfast is the Full English, or the Full American, or the Full Canadian. Breakfast is a triumph.</p><p name=\"e26c\">Yet breakfast is under threat. Breakfast, besieged by the pathologies of the twenty-first century, is fighting a desperate rearguard battle for survival, and at stake is nothing less than civilization itself.</p><p name=\"353d\">This is a war of at least three fronts.</p><hr name=\"fa15\"><p name=\"3e20\">The first foes of breakfast are the aforementioned health gurus, the benevolent brownshirts who will one day come for all of us. They must: They are driven to it. Their psychologies cannot rest so long as they know that there are still people out there who sit down in diners, order something knowing full well it is high in cholesterol content, bite into it, and experience a surge of visceral pleasure.</p><p name=\"b69b\">These creeping granola fascists have already infiltrated the New York mayoral administration. <em>First they came for the smokers, but I was not a smoker so I did not speak out. Then they came for the trans fats, but I was not a fatty so I did not speak out. Then they came for the big gulp sodas… </em>I’m also reliably informed that much of the American and Canadian West Coast has already fallen, seized in the terrifying grip of this totalitarianism of prescription.</p><p name=\"3479\">Know that eventually, in some form or another, they’ll come for you too: Your door will be battered down in the middle of the night, and people in dark, stretchy clothing will storm in (“This tactical operation sponsored by LULULEMON,” their raid jackets will read) to tear your home apart searching for contraband. They’ll rifle through your dressers, taking your jeans and replacing them with yoga pants and bicycle tights. They’ll upend your kitchen, seizing your beer and replacing it with herbal tea. Any tobacco products found will be confiscated, sealed carefully in evidence bags (“Exhibit A: Less than perfect”), and replaced with packets of organic pomegranate seeds.</p><hr name=\"0d2d\"><p name=\"064f\">The second front is Europeans, and by Europeans, I mean continental Europeans and their eponymous “breakfast.” Sure, you could do a lot worse than pastries and sliced fruit for breakfast — no breakfast at all, for example. But, like the European Union itself, the continental breakfast seems resigned to the damnation of faint praise: I guess it will have to suffice.</p><p name=\"6c5e\">The biggest perpetrators of the continental breakfast are inevitably the French. As they munch their morning croissants they lament their former imperial <em>gloire</em>, blind to the irony: You can’t rule the world when your day starts with half a croissant and an espresso, and people or peoples who so believe should be regarded with extreme skepticism.</p><p name=\"3c82\">This excludes French Canadians, who, descended from lumberjacks and <em>coureurs des bois</em>, are of much heartier disposition than their francophone brethren on the continent. Fur trappers don’t eat danishes for breakfast. They simply don’t.</p><p name=\"3d76\">I recently played host to two European girls visiting from out of town. Every morning I would offer them scrambled eggs, bacon, toast; and every morning they would decline, choosing instead to eat yogurt, or fruit, or little scraps of bread adorned with strange, ingenious cheeses which they had brought with them. One morning they ate nothing at all. “We’re still full from those veggie burgers we ate the night before,” they explained. I turned aside, my face distorted by disgust, and in that one phrase I suddenly knew the chronic dysfunction of the EU and the tattered economics of the eurozone could never be resolved.</p><p name=\"904e\">In at least this respect, I believe the people of North America and the British Isles have got it right: breakfast is a serious endeavor, and has political implications of a potentially vast scale. Americans, accustomed to eating a large, satisfying breakfast, mistakenly assume most others in the world do similar. We say “as American as apple pie,” but we would do better to say as American as pancakes, sausage, bacon, eggs, home fries, and plenty of. We need the caloric fuel if we are going to save the rest of the world from itself.</p><p name=\"f4b4\">There are, of course, regional variations: those who survive the American or English breakfast unscathed may proceed to the next level, the Scottish breakfast, and may God have mercy on their souls.</p><hr name=\"95c3\"><p name=\"bf8f\">The final front is people who eat cupcakes.</p><p name=\"4268\">Let me explain.</p><p name=\"9b03\">Cupcakes represent the antithesis of everything that breakfast is. Breakfast is concrete, durable, satisfying. Cupcakes are ephemeral and frivolous. Cupcakes are the saccharine, prepackaged cute that represents so much of what is wrong with our culture today.</p><p name=\"3db0\">I was walking on the street in New York the other day and I passed four cupcake shops in two blocks — and this wasn’t even Brooklyn. (There probably would have been more cupcake shops but all the other store fronts had already been bought by frozen yogurt shops.) Somewhere in North America, right now, an educated person with a university degree, possibly in Cultural Studies, is leaning over a cupcake, earnest expression on their face, spatula or baster in hand, attempting to squeeze as many different pastel tones as possible on what is essentially a tiny, puffy piece of bread.</p><p name=\"1a9a\">People who eat cupcakes sometimes eat breakfast, but they’ll probably call it “brunch,” photograph it before eating, and only manage a few bites before feeling full. However people who photograph their food before eating it will presumably die in horrific unicycle accidents and remove themselves from a gene pool which they would otherwise surely dilute.</p><hr name=\"c1bd\"><p name=\"ee14\">We inhabit a turbulent era. All around us are the signs of looming civilizational collapse: Uggs, reality television, Auto-Tune, people enthusiastic about Twitter, Abercrombie &amp; Fitch, segway cops, most things associated with Apple. As civilization crumbles around us, we must console ourselves by knowing that there remains at least one thing untouched by the ravages of anarchy and decadence, one unchanging constant, one bedrock which still has <em>rules</em>.</p><p name=\"94e4\">Here are some rules:</p><p name=\"2ce8\">1. Breakfast must be consumed with coffee or tea. Tea means black tea: green tea doesn’t count. Orange juice may be served in addition to but never instead of a hot beverage.</p><p name=\"5f8c\">2. The breakfast food pyramid is the inverse of whatever the actual food pyramid is. Your plate should be about fifty percent carbohydrates, fifty percent protein, one hundred percent grease, and zero percent arugula. If the First Lady would disapprove, then you are doing it correctly. Go all in or go home: If you look at your plate and there is already a carbohydrate — pancakes, say — then double down with toast, and treble down with hash browns.</p><p name=\"45c9\">3. Tomatoes, orange slices, or other fruit may be added, for color only.</p><p name=\"7948\">4. Britons and French-Canadians may consume baked beans with their breakfast, as they are considered starch legumes, not fruits or vegetables.</p><hr name=\"54cc\"><p name=\"fb6e\">Eat whatever you want, however you want for lunch and dinner — but keep at least one thing sacred.</p><p name=\"7903\">The counterrevolution starts now. It starts with bacon. Throw down the mango smoothie you were about to drink and run to the closest greasy spoon diner. (Run there; you probably won’t be able to run back.)</p><p name=\"5bf4\">And if you pass a cupcake shop on the way, firebomb it.</p></section>",
                "subtitle": "A Scientific Argument by Reference to Historical, Political, and Cultural Examples",
                "caption": "",
                "bodyModel": {
                    "paragraphs": [
                        {
                            "name": "cc24",
                            "type": 1,
                            "text": "Author’s note: A section of this essay has been interpreted by some as inciting violence against cupcake shops. Following consultation with my attorney, I would like to clarify that it is purely rhetorical and, furthermore, go on record as saying I do not and have never advocated political violence against the proprietors of baked goods stores.",
                            "markups": [
                                {
                                    "type": 2,
                                    "start": 0,
                                    "end": 346
                                }
                            ]
                        },
                        {
                            "name": "ddfb",
                            "type": 5,
                            "text": "",
                            "markups": []
                        },
                        {
                            "name": "5788",
                            "type": 1,
                            "text": "I believe in mornings. I believe in making the most of them. I believe that there is no better way to start your day than to wake early in the morning as the sun still rises, splash cold water on your face, and stand on the scale; then step out into the brisk morning air, jog around the neighborhood, working up a sweat in the solitude of your thoughts; return home, stooping to collect the newspaper from your front lawn, to shower, shampoo, exfoliate, deoderize, and change into clean, pressed, smart clothing; and then head to the kitchen or a nearby restaurant to consume, in the space of a few minutes, hundreds of calories delivered by a vehicle of largely fried grease.",
                            "markups": []
                        },
                        {
                            "name": "339a",
                            "type": 1,
                            "text": "In this world there are a surprising number of people who believe that sliced fruit, or yogurt, or granola — or perhaps, if they are feeling especially bold, some combination of all three — constitutes breakfast. These people are categorically wrong. They may consume these foods at the time of day associated with breakfast, but at best they eat at breakfast or a breakfast; they do not eat Breakfast. We must regard them with scorn, or pity; they worship false idols, they covet their neighbors’ kale.",
                            "markups": [
                                {
                                    "type": 2,
                                    "start": 347,
                                    "end": 350
                                },
                                {
                                    "type": 2,
                                    "start": 363,
                                    "end": 364
                                }
                            ]
                        },
                        {
                            "name": "c0d7",
                            "type": 1,
                            "text": "What is breakfast? Breakfast is the meal which exists in slight variants throughout the English-speaking world and includes eggs and meat and something made of potatoes or bread and a hot beverage. Breakfast is the Full English, or the Full American, or the Full Canadian. Breakfast is a triumph.",
                            "markups": []
                        },
                        {
                            "name": "e26c",
                            "type": 1,
                            "text": "Yet breakfast is under threat. Breakfast, besieged by the pathologies of the twenty-first century, is fighting a desperate rearguard battle for survival, and at stake is nothing less than civilization itself.",
                            "markups": []
                        },
                        {
                            "name": "353d",
                            "type": 1,
                            "text": "This is a war of at least three fronts.",
                            "markups": []
                        },
                        {
                            "name": "fa15",
                            "type": 5,
                            "text": "",
                            "markups": []
                        },
                        {
                            "name": "3e20",
                            "type": 1,
                            "text": "The first foes of breakfast are the aforementioned health gurus, the benevolent brownshirts who will one day come for all of us. They must: They are driven to it. Their psychologies cannot rest so long as they know that there are still people out there who sit down in diners, order something knowing full well it is high in cholesterol content, bite into it, and experience a surge of visceral pleasure.",
                            "markups": []
                        },
                        {
                            "name": "b69b",
                            "type": 1,
                            "text": "These creeping granola fascists have already infiltrated the New York mayoral administration. First they came for the smokers, but I was not a smoker so I did not speak out. Then they came for the trans fats, but I was not a fatty so I did not speak out. Then they came for the big gulp sodas… I’m also reliably informed that much of the American and Canadian West Coast has already fallen, seized in the terrifying grip of this totalitarianism of prescription.",
                            "markups": [
                                {
                                    "type": 2,
                                    "start": 94,
                                    "end": 294
                                }
                            ]
                        },
                        {
                            "name": "3479",
                            "type": 1,
                            "text": "Know that eventually, in some form or another, they’ll come for you too: Your door will be battered down in the middle of the night, and people in dark, stretchy clothing will storm in (“This tactical operation sponsored by LULULEMON,” their raid jackets will read) to tear your home apart searching for contraband. They’ll rifle through your dressers, taking your jeans and replacing them with yoga pants and bicycle tights. They’ll upend your kitchen, seizing your beer and replacing it with herbal tea. Any tobacco products found will be confiscated, sealed carefully in evidence bags (“Exhibit A: Less than perfect”), and replaced with packets of organic pomegranate seeds.",
                            "markups": []
                        },
                        {
                            "name": "0d2d",
                            "type": 5,
                            "text": "",
                            "markups": []
                        },
                        {
                            "name": "064f",
                            "type": 1,
                            "text": "The second front is Europeans, and by Europeans, I mean continental Europeans and their eponymous “breakfast.” Sure, you could do a lot worse than pastries and sliced fruit for breakfast — no breakfast at all, for example. But, like the European Union itself, the continental breakfast seems resigned to the damnation of faint praise: I guess it will have to suffice.",
                            "markups": []
                        },
                        {
                            "name": "6c5e",
                            "type": 1,
                            "text": "The biggest perpetrators of the continental breakfast are inevitably the French. As they munch their morning croissants they lament their former imperial gloire, blind to the irony: You can’t rule the world when your day starts with half a croissant and an espresso, and people or peoples who so believe should be regarded with extreme skepticism.",
                            "markups": [
                                {
                                    "type": 2,
                                    "start": 154,
                                    "end": 160
                                }
                            ]
                        },
                        {
                            "name": "3c82",
                            "type": 1,
                            "text": "This excludes French Canadians, who, descended from lumberjacks and coureurs des bois, are of much heartier disposition than their francophone brethren on the continent. Fur trappers don’t eat danishes for breakfast. They simply don’t.",
                            "markups": [
                                {
                                    "type": 2,
                                    "start": 68,
                                    "end": 85
                                }
                            ]
                        },
                        {
                            "name": "3d76",
                            "type": 1,
                            "text": "I recently played host to two European girls visiting from out of town. Every morning I would offer them scrambled eggs, bacon, toast; and every morning they would decline, choosing instead to eat yogurt, or fruit, or little scraps of bread adorned with strange, ingenious cheeses which they had brought with them. One morning they ate nothing at all. “We’re still full from those veggie burgers we ate the night before,” they explained. I turned aside, my face distorted by disgust, and in that one phrase I suddenly knew the chronic dysfunction of the EU and the tattered economics of the eurozone could never be resolved.",
                            "markups": []
                        },
                        {
                            "name": "904e",
                            "type": 1,
                            "text": "In at least this respect, I believe the people of North America and the British Isles have got it right: breakfast is a serious endeavor, and has political implications of a potentially vast scale. Americans, accustomed to eating a large, satisfying breakfast, mistakenly assume most others in the world do similar. We say “as American as apple pie,” but we would do better to say as American as pancakes, sausage, bacon, eggs, home fries, and plenty of. We need the caloric fuel if we are going to save the rest of the world from itself.",
                            "markups": []
                        },
                        {
                            "name": "f4b4",
                            "type": 1,
                            "text": "There are, of course, regional variations: those who survive the American or English breakfast unscathed may proceed to the next level, the Scottish breakfast, and may God have mercy on their souls.",
                            "markups": []
                        },
                        {
                            "name": "95c3",
                            "type": 5,
                            "text": "",
                            "markups": []
                        },
                        {
                            "name": "bf8f",
                            "type": 1,
                            "text": "The final front is people who eat cupcakes.",
                            "markups": []
                        },
                        {
                            "name": "4268",
                            "type": 1,
                            "text": "Let me explain.",
                            "markups": []
                        },
                        {
                            "name": "9b03",
                            "type": 1,
                            "text": "Cupcakes represent the antithesis of everything that breakfast is. Breakfast is concrete, durable, satisfying. Cupcakes are ephemeral and frivolous. Cupcakes are the saccharine, prepackaged cute that represents so much of what is wrong with our culture today.",
                            "markups": []
                        },
                        {
                            "name": "3db0",
                            "type": 1,
                            "text": "I was walking on the street in New York the other day and I passed four cupcake shops in two blocks — and this wasn’t even Brooklyn. (There probably would have been more cupcake shops but all the other store fronts had already been bought by frozen yogurt shops.) Somewhere in North America, right now, an educated person with a university degree, possibly in Cultural Studies, is leaning over a cupcake, earnest expression on their face, spatula or baster in hand, attempting to squeeze as many different pastel tones as possible on what is essentially a tiny, puffy piece of bread.",
                            "markups": []
                        },
                        {
                            "name": "1a9a",
                            "type": 1,
                            "text": "People who eat cupcakes sometimes eat breakfast, but they’ll probably call it “brunch,” photograph it before eating, and only manage a few bites before feeling full. However people who photograph their food before eating it will presumably die in horrific unicycle accidents and remove themselves from a gene pool which they would otherwise surely dilute.",
                            "markups": []
                        },
                        {
                            "name": "c1bd",
                            "type": 5,
                            "text": "",
                            "markups": []
                        },
                        {
                            "name": "ee14",
                            "type": 1,
                            "text": "We inhabit a turbulent era. All around us are the signs of looming civilizational collapse: Uggs, reality television, Auto-Tune, people enthusiastic about Twitter, Abercrombie & Fitch, segway cops, most things associated with Apple. As civilization crumbles around us, we must console ourselves by knowing that there remains at least one thing untouched by the ravages of anarchy and decadence, one unchanging constant, one bedrock which still has rules.",
                            "markups": [
                                {
                                    "type": 2,
                                    "start": 448,
                                    "end": 453
                                }
                            ]
                        },
                        {
                            "name": "94e4",
                            "type": 1,
                            "text": "Here are some rules:",
                            "markups": []
                        },
                        {
                            "name": "2ce8",
                            "type": 1,
                            "text": "1. Breakfast must be consumed with coffee or tea. Tea means black tea: green tea doesn’t count. Orange juice may be served in addition to but never instead of a hot beverage.",
                            "markups": []
                        },
                        {
                            "name": "5f8c",
                            "type": 1,
                            "text": "2. The breakfast food pyramid is the inverse of whatever the actual food pyramid is. Your plate should be about fifty percent carbohydrates, fifty percent protein, one hundred percent grease, and zero percent arugula. If the First Lady would disapprove, then you are doing it correctly. Go all in or go home: If you look at your plate and there is already a carbohydrate — pancakes, say — then double down with toast, and treble down with hash browns.",
                            "markups": []
                        },
                        {
                            "name": "45c9",
                            "type": 1,
                            "text": "3. Tomatoes, orange slices, or other fruit may be added, for color only.",
                            "markups": []
                        },
                        {
                            "name": "7948",
                            "type": 1,
                            "text": "4. Britons and French-Canadians may consume baked beans with their breakfast, as they are considered starch legumes, not fruits or vegetables.",
                            "markups": []
                        },
                        {
                            "name": "54cc",
                            "type": 5,
                            "text": "",
                            "markups": []
                        },
                        {
                            "name": "fb6e",
                            "type": 1,
                            "text": "Eat whatever you want, however you want for lunch and dinner — but keep at least one thing sacred.",
                            "markups": []
                        },
                        {
                            "name": "7903",
                            "type": 1,
                            "text": "The counterrevolution starts now. It starts with bacon. Throw down the mango smoothie you were about to drink and run to the closest greasy spoon diner. (Run there; you probably won’t be able to run back.)",
                            "markups": []
                        },
                        {
                            "name": "5bf4",
                            "type": 1,
                            "text": "And if you pass a cupcake shop on the way, firebomb it.",
                            "markups": []
                        }
                    ]
                },
                "image": {
                    "type": "ImageInfo",
                    "imageId": "0*HfrxdyMooxPqPloS.jpeg",
                    "backgroundSize": "contain",
                    "originalWidth": 460,
                    "originalHeight": 276,
                    "attribution": "",
                    "attributionUrl": "",
                    "strategy": "resample",
                    "height": 0,
                    "width": 700
                }
            },
            "media": {},
            "virtuals": {
                "currentCollectionId": "",
                "statusForCollection": "approved",
                "createdAtRelative": "2 months ago",
                "updatedAtRelative": "2 months ago",
                "acceptedAtRelative": "",
                "createdAtEnglish": "August 18, 2013",
                "updatedAtEnglish": "August 22, 2013",
                "acceptedAtEnglish": "",
                "firstPublishedAtEnglish": "August 22, 2013",
                "latestPublishedAtEnglish": "August 22, 2013",
                "allowNotes": true,
                "snippet": "Author’s note: A section of this essay has been interpreted by some as inciting violence against cupcake shops.",
                "previewImage": {
                    "type": "ImageInfo",
                    "imageId": "0*HfrxdyMooxPqPloS.jpeg",
                    "backgroundSize": "contain",
                    "originalWidth": 460,
                    "originalHeight": 276,
                    "attribution": "",
                    "attributionUrl": "",
                    "strategy": "resample",
                    "height": 0,
                    "width": 700
                },
                "wordCount": 1496,
                "imageCount": 1,
                "readingTime": 5.845283018867924,
                "isOnReadingList": false,
                "draftSnippet": "A Scientific Argument by Reference to Historical, Political, and Cultural Examples",
                "subtitle": "A Scientific Argument by Reference to Historical, Political, and Cultural Examples",
                "postedIn": [
                    {
                        "collectionId": "1fb82bf21ad3",
                        "status": "approved",
                        "posterId": "42dd88b5d6e4"
                    },
                    {
                        "collectionId": "2a307d7b6b48",
                        "status": "approved",
                        "posterId": "42dd88b5d6e4"
                    },
                    {
                        "collectionId": "2ed1867362f8",
                        "status": "approved",
                        "posterId": "42dd88b5d6e4"
                    },
                    {
                        "collectionId": "3e210e34293c",
                        "status": "approved",
                        "posterId": "42dd88b5d6e4"
                    },
                    {
                        "collectionId": "459427cf6a3c",
                        "status": "approved",
                        "posterId": "9d99500c814d"
                    },
                    {
                        "collectionId": "a6caba7d157d",
                        "status": "approved",
                        "posterId": "504c7870fdb6"
                    },
                    {
                        "collectionId": "e358ae9bba4a",
                        "status": "approved",
                        "posterId": "4bc63da79b7b"
                    },
                    {
                        "collectionId": "f123f1556889",
                        "status": "approved",
                        "posterId": "42dd88b5d6e4"
                    },
                    {
                        "collectionId": "f31fc6196e7c",
                        "status": "approved",
                        "posterId": "8d96d61a0cf"
                    },
                    {
                        "collectionId": "ff97e619afb8",
                        "status": "approved",
                        "posterId": "d2289e668388"
                    }
                ]
            }
        },
        "collaborators": [],
        "mode": "",
        "contextCollection": {
            "type": "Collection",
            "id": "f123f1556889",
            "name": "For the Love of Food",
            "slug": "the-ingredients-2",
            "creatorId": "4ad362599918",
            "collectionType": "open",
            "collectionSort": "default",
            "collectionIsPaywalled": false,
            "description": "Recipes and Reflections — Eating, Cooking, and Thinking About Food",
            "image": {
                "type": "ImageInfo",
                "imageId": "0*yMkSw62mXTWaV4Yo.png",
                "backgroundSize": "",
                "originalWidth": 0,
                "originalHeight": 0,
                "attribution": "",
                "attributionUrl": "",
                "strategy": "resample",
                "height": 0,
                "width": 0
            },
            "metadata": {
                "postCount": 458,
                "activeAt": 1381811070897
            },
            "virtuals": {
                "canPost": true,
                "canAdminister": false,
                "canAddContributors": false,
                "isSubscribed": false
            }
        },
        "references": {
            "User": {
                "42dd88b5d6e4": {
                    "type": "User",
                    "id": "42dd88b5d6e4",
                    "userId": "42dd88b5d6e4",
                    "name": "G. Robert Ogilvy",
                    "createdAt": 1376748374897,
                    "bio": "Essayist/critic by night. Guerrilla satirist/Agent provocateur/Rhetorician. Shadow minister without portfolio. Young fogey. Tory anarchist. @G_Robert_Ogilvy",
                    "username": "G_Robert_Ogilvy",
                    "imageId": "0*wwNVQfg_IMcyibXY.jpeg",
                    "backgroundImageId": "0*d_5ieWsFTJbrOSzP.jpeg",
                    "lastPostCreatedAt": 1381763878621,
                    "virtuals": {
                        "bioHTML": "Essayist/critic by night. Guerrilla satirist/Agent provocateur/Rhetorician. Shadow minister without portfolio. Young fogey. Tory anarchist. <a href=\"http://twitter.com/G_Robert_Ogilvy\" target=\"_blank\" title=\"Twitter profile for @G_Robert_Ogilvy\">@G_Robert_Ogilvy</a>"
                    }
                },
                "4ad362599918": {
                    "type": "User",
                    "id": "4ad362599918",
                    "userId": "4ad362599918",
                    "name": "charlotte druckman",
                    "createdAt": 1357589848945,
                    "bio": "editor at MEDIUM; muse; cookie connoisseur; author, SKIRT STEAK: Women Chefs on Standing the Heat & Staying in the Kitchen (Chronicle, Fall 2012)",
                    "username": "cettedrucks",
                    "imageId": "0*-ZsT5tZyG-wRnLBD.png",
                    "backgroundImageId": "0*c_z68Bht56x4r8P3.jpeg",
                    "lastPostCreatedAt": 1380119556470,
                    "virtuals": {
                        "bioHTML": "editor at MEDIUM; muse; cookie connoisseur; author, SKIRT STEAK: Women Chefs on Standing the Heat &amp; Staying in the Kitchen (Chronicle, Fall 2012)"
                    }
                }
            },
            "Collection": {
                "1fb82bf21ad3": {
                    "type": "Collection",
                    "id": "1fb82bf21ad3",
                    "name": "Pulling Pranks",
                    "slug": "pulling-pranks",
                    "creatorId": "4ad362599918",
                    "collectionType": "open",
                    "collectionSort": "default",
                    "collectionIsPaywalled": false,
                    "description": "On The Art of Leg-Pulling",
                    "image": {
                        "type": "ImageInfo",
                        "imageId": "0*ueM7eLEovNSGcH-x.jpeg",
                        "backgroundSize": "",
                        "originalWidth": 0,
                        "originalHeight": 0,
                        "attribution": "",
                        "attributionUrl": "",
                        "strategy": "resample",
                        "height": 0,
                        "width": 0
                    },
                    "metadata": {
                        "postCount": 82,
                        "activeAt": 1381787508351
                    },
                    "virtuals": {
                        "canPost": true,
                        "canAdminister": false,
                        "canAddContributors": false,
                        "isSubscribed": false
                    }
                },
                "2a307d7b6b48": {
                    "type": "Collection",
                    "id": "2a307d7b6b48",
                    "name": "Funny Stuff",
                    "slug": "funny-stuff",
                    "creatorId": "cd5018cebde7",
                    "collectionType": "open",
                    "collectionSort": "default",
                    "collectionIsPaywalled": false,
                    "description": "Medium posts that are funny. Does anybody remember laughter?",
                    "image": {
                        "type": "ImageInfo",
                        "imageId": "0*8KVsgo7lQ-4RBXhF.jpeg",
                        "backgroundSize": "",
                        "originalWidth": 0,
                        "originalHeight": 0,
                        "attribution": "",
                        "attributionUrl": "",
                        "strategy": "resample",
                        "height": 0,
                        "width": 0
                    },
                    "metadata": {
                        "postCount": 118,
                        "activeAt": 1381854924479
                    },
                    "virtuals": {
                        "canPost": true,
                        "canAdminister": false,
                        "canAddContributors": false,
                        "isSubscribed": false
                    }
                },
                "2ed1867362f8": {
                    "type": "Collection",
                    "id": "2ed1867362f8",
                    "name": "I.M.H.O.",
                    "slug": "i-m-h-o",
                    "creatorId": "268314bb7e7e",
                    "collectionType": "open",
                    "collectionSort": "default",
                    "collectionIsPaywalled": false,
                    "description": "The Editorial Page",
                    "image": {
                        "type": "ImageInfo",
                        "imageId": "0*hWmZqeYghI3N2v81.jpeg",
                        "backgroundSize": "",
                        "originalWidth": 0,
                        "originalHeight": 0,
                        "attribution": "",
                        "attributionUrl": "",
                        "strategy": "resample",
                        "height": 0,
                        "width": 0
                    },
                    "metadata": {
                        "postCount": 4941,
                        "activeAt": 1381858520307
                    },
                    "virtuals": {
                        "canPost": true,
                        "canAdminister": false,
                        "canAddContributors": false,
                        "isSubscribed": false
                    }
                },
                "3e210e34293c": {
                    "type": "Collection",
                    "id": "3e210e34293c",
                    "name": "Some Modest Proposals.",
                    "slug": "some-modest-proposals",
                    "creatorId": "42dd88b5d6e4",
                    "collectionType": "open",
                    "collectionSort": "default",
                    "collectionIsPaywalled": false,
                    "description": "Satire, conceptual humor, culture criticism, and Juvenalian hand-grenades exploding in polite company. ",
                    "image": {
                        "type": "ImageInfo",
                        "imageId": "0*D8-PEArwKO6JJq0b.jpeg",
                        "backgroundSize": "",
                        "originalWidth": 0,
                        "originalHeight": 0,
                        "attribution": "",
                        "attributionUrl": "",
                        "strategy": "resample",
                        "height": 0,
                        "width": 0
                    },
                    "metadata": {
                        "postCount": 1,
                        "activeAt": 1377198965913
                    },
                    "virtuals": {
                        "canPost": true,
                        "canAdminister": false,
                        "canAddContributors": false,
                        "isSubscribed": false
                    }
                },
                "459427cf6a3c": {
                    "type": "Collection",
                    "id": "459427cf6a3c",
                    "name": "Simple Truths.",
                    "slug": "simple-truths",
                    "creatorId": "9d99500c814d",
                    "collectionType": "open",
                    "collectionSort": "default",
                    "collectionIsPaywalled": false,
                    "description": "Looking through the illogical, cloudy and arguing side of the world to find the simpler truths.",
                    "image": {
                        "type": "ImageInfo",
                        "imageId": "0*OMQNj2npF83mFDs2.jpeg",
                        "backgroundSize": "",
                        "originalWidth": 0,
                        "originalHeight": 0,
                        "attribution": "",
                        "attributionUrl": "",
                        "strategy": "resample",
                        "height": 0,
                        "width": 0
                    },
                    "metadata": {
                        "postCount": 8,
                        "activeAt": 1380999914972
                    },
                    "virtuals": {
                        "canPost": true,
                        "canAdminister": false,
                        "canAddContributors": false,
                        "isSubscribed": false
                    }
                },
                "a6caba7d157d": {
                    "type": "Collection",
                    "id": "a6caba7d157d",
                    "name": "Weekend Reads—August 23, 2013",
                    "slug": "weekend-reads-august-23-2013",
                    "creatorId": "504c7870fdb6",
                    "collectionType": "closed",
                    "collectionSort": "oldest",
                    "collectionIsPaywalled": false,
                    "description": "Expand your reading horizons with our favorite posts from the past week.",
                    "image": {
                        "type": "ImageInfo",
                        "imageId": "0*VL6DID_N1gXwBpYy.jpeg",
                        "backgroundSize": "",
                        "originalWidth": 0,
                        "originalHeight": 0,
                        "attribution": "",
                        "attributionUrl": "",
                        "strategy": "resample",
                        "height": 0,
                        "width": 0
                    },
                    "metadata": {
                        "postCount": 10,
                        "activeAt": 1377216083865
                    },
                    "virtuals": {
                        "canPost": false,
                        "canAdminister": false,
                        "canAddContributors": false,
                        "isSubscribed": false
                    }
                },
                "e358ae9bba4a": {
                    "type": "Collection",
                    "id": "e358ae9bba4a",
                    "name": "Editor's Picks",
                    "slug": "editors-picks",
                    "creatorId": "504c7870fdb6",
                    "collectionType": "closed",
                    "collectionSort": "default",
                    "collectionIsPaywalled": false,
                    "description": "Posts we’ve noticed that we think more people should notice. Edited by Medium staff.",
                    "image": {
                        "type": "ImageInfo",
                        "imageId": "0*tsAwlHt6yDys_fk8.jpeg",
                        "backgroundSize": "",
                        "originalWidth": 0,
                        "originalHeight": 0,
                        "attribution": "",
                        "attributionUrl": "",
                        "strategy": "resample",
                        "height": 0,
                        "width": 0
                    },
                    "metadata": {
                        "postCount": 3166,
                        "activeAt": 1381856761725
                    },
                    "virtuals": {
                        "canPost": false,
                        "canAdminister": false,
                        "canAddContributors": false,
                        "isSubscribed": true
                    }
                },
                "f123f1556889": {
                    "type": "Collection",
                    "id": "f123f1556889",
                    "name": "For the Love of Food",
                    "slug": "the-ingredients-2",
                    "creatorId": "4ad362599918",
                    "collectionType": "open",
                    "collectionSort": "default",
                    "collectionIsPaywalled": false,
                    "description": "Recipes and Reflections — Eating, Cooking, and Thinking About Food",
                    "image": {
                        "type": "ImageInfo",
                        "imageId": "0*yMkSw62mXTWaV4Yo.png",
                        "backgroundSize": "",
                        "originalWidth": 0,
                        "originalHeight": 0,
                        "attribution": "",
                        "attributionUrl": "",
                        "strategy": "resample",
                        "height": 0,
                        "width": 0
                    },
                    "metadata": {
                        "postCount": 458,
                        "activeAt": 1381811070897
                    },
                    "virtuals": {
                        "canPost": true,
                        "canAdminister": false,
                        "canAddContributors": false,
                        "isSubscribed": false
                    }
                },
                "f31fc6196e7c": {
                    "type": "Collection",
                    "id": "f31fc6196e7c",
                    "name": "Life is what happens",
                    "slug": "life-is-what-happens",
                    "creatorId": "8d96d61a0cf",
                    "collectionType": "open",
                    "collectionSort": "default",
                    "collectionIsPaywalled": false,
                    "description": "Stories from real life",
                    "image": {
                        "type": "ImageInfo",
                        "imageId": "0*_1uiu165yk1zeXwN.jpeg",
                        "backgroundSize": "",
                        "originalWidth": 0,
                        "originalHeight": 0,
                        "attribution": "",
                        "attributionUrl": "",
                        "strategy": "resample",
                        "height": 0,
                        "width": 0
                    },
                    "metadata": {
                        "postCount": 18,
                        "activeAt": 1379802568832
                    },
                    "virtuals": {
                        "canPost": true,
                        "canAdminister": false,
                        "canAddContributors": false,
                        "isSubscribed": false
                    }
                },
                "ff97e619afb8": {
                    "type": "Collection",
                    "id": "ff97e619afb8",
                    "name": "Comedy Corner",
                    "slug": "comedy-corner",
                    "creatorId": "d2289e668388",
                    "collectionType": "open",
                    "collectionSort": "default",
                    "collectionIsPaywalled": false,
                    "description": "A haven for humorous hilarity",
                    "image": {
                        "type": "ImageInfo",
                        "imageId": "0*OsD_RjNqigIh9M6p.jpeg",
                        "backgroundSize": "",
                        "originalWidth": 0,
                        "originalHeight": 0,
                        "attribution": "",
                        "attributionUrl": "",
                        "strategy": "resample",
                        "height": 0,
                        "width": 0
                    },
                    "metadata": {
                        "postCount": 195,
                        "activeAt": 1381852028110
                    },
                    "virtuals": {
                        "canPost": true,
                        "canAdminister": false,
                        "canAddContributors": false,
                        "isSubscribed": false
                    }
                }
            }
        }
    },
    "v": 2,
    "b": "6094-956a8a1"
}